"","newstitle","newspapername"
"1","두달만에 발견된 한강 투신 공무원 시신..""1년간 민원 6000건""","중앙일보"
"2","[단독] 진중권 전 동양대 교수, 명예훼손 혐의 경찰 조사","국민일보"
"3","日정부, 한국 참여토록 올림픽 방역..""후쿠시마 농산물 소비해 피해지에 힘 실어주길""","세계일보"
"4","""윤석열 총장에 환영 화환 준 권영진 시장 사과하라""","연합뉴스"
"5","""우리 아빠가 누군데""..KTX 내 취식 20대 결국 고발","KBS"
"6","'시신기증 각오' 19살도 숨져..시민들 세 손가락 경례","JTBC"
"7","사퇴한 윤석열 ""자유민주주의에 온 힘""..사실상 정치선언","JTBC"
"8","[단독] 피해학생 부모 직장까지 투서..온 가족 멍든 '학폭'","JTBC"
"9","1대에 4천만 원인데..한 번 측정하고 무용지물","MBC"
"10","안대희, 박영수, 정상명..""예상보다 넓다"" 윤석열 인맥은?","동아일보"
"11","丁총리 등에 땀 흐르게 만든 질문 ""임은정 검사는 왜 못 본 척 하시나요""","조선비즈"
"12","""목줄·입마개 안 한 맹견이 죽일 듯 달려와""..공격당한 견주의 호소","머니투데이"
"13","유튜브·넷플릭스에 빠진 한국.. 사면초가 K-OTT ""뭉쳐야 산다""","한국일보"
"14","[현장] 특수주사기로 2회분 남자, 보건소 논의 뒤 잔여량으로 접종","한겨레"
"15","윤석열, 왜 오늘인가..최강욱 ""설마?""","이데일리"
"16","복권 번호 다 맞추고도 2846억원 당첨금 놓친 英커플","머니투데이"
"17","[생생경제] 4차재난지원금 나는 얼마 받을 수 있을까","YTN"
"18","""유부남이랑 ㄱㅅ할 기녀 구해요""..3만회원 '불륜카페 주의보'","머니투데이"
"19","'대세' 나경원 꺾은 오세훈의 저력..안철수와 '결승전' 전망은","세계일보"
"20","부적절한 공개 사의에 신속 대응..민정수석도 경질","MBC"
"21","'100억' 땅 첫 매입은 LH 전 사업단장..부하직원 연이어 '투기의혹'","뉴스1"
"22","의혹 직원들 50억원 구매 자금..모두 북시흥농협서 대출 받아","경향신문"
"23","검찰 내부, 윤석열 '사퇴 공감' 분위기..""무책임하게 떠나"" 비판도","한겨레"
"24","윤석열 사의 75분만에 '수용' 발표한 靑..26글자에 묻은 불쾌함","뉴스1"
"25","변희수 하사 죽음에 격앙한 이송희일 감독 ""한국은 성소수자의 묘지""","한국일보"
"26","[정면승부] 성일종 ""윤 사퇴, 살아있는 권력 수사하다 마지막으로 국민적 호소한 것""","YTN"
"27","""식판으로 머리 맞고""..반년 지나 확인한 CCTV","SBS"
"28","[탐사K] 공직 이후 매매한 농지 없다더니..시세 차익 추가 확인","KBS"
"29","""공 맞아 난 피범벅 됐는데..18홀 다 돌아"" 손님 고소한 캐디","중앙일보"
"30","가격 3배 뛴 '파'..집에서 키워 '돈 버는 맛' 까지","채널A"
"31","""서울시민 1인당 10만원씩"" .. 김인호 시의회 의장 '보편적 재난지원금' 주장 불구 서울시는 '선별적' 지원","경향신문"
"32","[주진우 라이브] 이재명 지사 ""이재명은 공산주의자? 나는 시장주의자..지역화폐 보편지급해 국내경기 살리자는 뜻""","KBS"
"33","조경태 ""文 대통령, 보궐선거에 민주당 후보 내는 부분에 답해야""","뉴스1"
"34","""아이들 탔는데""..차량에 벽돌 던진 오토바이 운전자","SBS"
"35","추미애 ""윤석열, 대권도전 선언한 것..국민 선동 그만해야""","한국일보"
"36","[단독] 5년 전 학대 당한 남매의 비극..끝내 숨진 8살 여동생","MBC"
"37","국내 원전 공사 중단시킨 정부.. ""수출 전폭 지원""","세계일보"
"38","[단독] '1학년은 이성교제 금지'..생도 40여 명 징계","SBS"
"39","[여인선이 간다]""광명·시흥 신도시 취소하라""..행정소송 예고","채널A"
"40","윤석열 나가자 부담 더 커진 '중수청'..일단 미룰 듯","JTBC"
"41","결승 앞둔 '미스트롯2' 어쩌나..김다현 투표 독려한 도민회 고발","파이낸셜뉴스"
"42","미국은 다시 '마스크 논쟁' 중","경향신문"
"43","김웅 ""권력에 싸우던 尹 사직이 정치면, 사육신도 정치행보""","중앙일보"
"44","소주와 번개탄, 혹시?..눈썰미로 생명 살린 마트 주인","JTBC"
"45","[단독] 부부 동반으로 쇼핑하듯..개발예정지만 족집게 매입","MBC"
"46","[인터뷰] 오세훈 ""윤석열에 4월 보궐 '역할' 요청?..아직은 도리 아냐""","JTBC"
"47","언론은 '백신 신뢰' 어떻게 흔들었나.. ""속보 경쟁에 엉망진창""","오마이뉴스"
"48","[단독] ""일본 조폭 대부분 한국인""..공동 저자도 혐오 발언","SBS"
"49","추미애 ""윤석열 사퇴 내 예상대로..해괴망측한 대권선언""","뉴시스"
"50","""벌금 5천만원 약하다""..여야, 'LH사태 방지법' 시동(종합)","연합뉴스"
